fulltext,sentimen
@WatchmenID Ada gak sih film horor indo yg setting malam nya masih keliatan. Sumpah capek bgt sama film yg gelap nya ga ketulungan.,negatif
ph indo kalo gabikin film horor kejang kh demiiii ini gue lewat tl ada mulu film horor baru tiap hari stopp,negatif
film indo kalo ga horor bawa bawa agama poligami ya sex sex gini naapa dah,negatif
bacot bgt film indo horor mulu terus pemainnya itu mulu,negatif
"ini film ga cocok buat jadi horor maksa bgt anjir, mending jadi dokumenter aja",negatif
knp ya film horor indo jawanya aneh bgt,negatif
Keknya film indo klo engk horor ya cringe romance (?). AING NDK BS COK NNTN FILM HOROR,negatif
Gumoh banget liat film indo yang baru horor lagi lagi dan lagi ,negatif
apaan dah film horor tapi malah jual visual kek kurang nyambung bgt,negatif
film horor indo kalo ga gelap ya jual agama,negatif
"kecewa bgt ini bukan film horor, malah ngakak bgt liat pemerannya anjg",negatif
The Exorcist: Believer ternyata seram banget agak kesal karena ternyata film horor indo sama barat sama aje bawa-bawa agama nyeritain setan lebih kuat daripada orang beriman pasturnya padahal udah baik banget malah mati.,negatif
Krna dri kecil smpe skrg suka nnton film horor dri brbagai negara mnurut gw film horor indo msih di bwah standar sih mulai dri setannya jumpscare editing smpe backsound msih kureng serem tpi mnurut org yg jrg nnton atau tkut sma film horor mngkin bagus2 aja,negatif
@kamugemes Dah macam film horor indo moga2 aja kena azab kaya film2 indo juga... Naudzubillah koq ada orang kaya gitu,negatif
eh kenapa yah dulu film horor indo porno semua.. setan budeg suster keramas hantu jeruk purut kayak njir mana dulu sering nonton,negatif
Di exhuma setannya aja ngehormatin agamanya lha film horor indo malah bikin agamanya kelihatan lemah sama setan.,negatif
beberapa hari kemaren nonton beberapa film horor indo rasanya capee bgt karna formulanya sama. jumpscare jumpscare jumpscare :( salut sama cinecrib yg kuat nonton puluhan film horor indo jelek,negatif
@moviemenfes Di bioskop biasa aja gue sering ketiduran setiap nonton apalagi kursi kaya di atas. Bisa bisa baru duduk udah pelor ampe selesai filmnya Untungnya gue lebih sering ketiduran pas nnton film indo mau itu horor ataupun romance,negatif
taek gapercaya gw cara mendistraksi dari kekelaman idol group disband ini dengan nontonin film horor jelek indo di netflix watafak ketawa mulu ajg cringe abis soalnya,negatif
bioskop indo isinya kalo ga film setan ya film horor eh sama aja deh ya pokoknya kurang !,negatif
"yah kurang lagi kurang lagi, udah pasti zonk lah film horor indo",negatif
kasitau gua klo ada film horor indo yng seseru danur smpe skrng blm ada yng seru anjr film horor indo,negatif
Pamali Dusun Pocong B aja kek tiap adegannya itu remake kompilasi adegan2 terbaik film-film terbaik horor indo macam pengabdi setan keramat pocong origin dll.,negatif
@moviemenfes Ngapa pada halu bgt sih heran . Itu kan cuma awan putih liat disebelah kanan awan putih banyak. Dikiri cuma sgtu karna sela sela daun . Kebanyakan nonton film horor indo jadi pada halu,negatif
indo stop bikin film horor please bikin film sejarah! males ke bioskop isinya horor tai,negatif
jujur gue gatau kenapa film indo tuh template banget sama horor yg bawa bawa agama bjirr,negatif
@moviemenfes Butuh yg kek film Agak laen Capek beut horor mulu di indo Bahasan islam lagi Laku banget keknya Gapapa sih bisa buat ngingetin tp takutnya malah ada pembelotan dn pengartian lain2 Gue butuh hiburan dengan plot tawa tnpa jeda kek agak laen Tolong siapapun sutradara buat lagi,negatif
Gk terlalu tertarik sama film horor indo,negatif
"api agak kecewa sih. Kenapa dibuat as a film horor. Harusnya dokumenter aja biar menghargai almarhumah Vina dan keluarganyaa. Apalagi yang kerasukan, affah iya sedendam itu ???! ü•∫ü•∫ü•∫",negatif
imo film horor indo tu klasik bgt setan nya gentayangan krna dendam terus ganti kek,negatif
ini katanya horor malah ga takut tapi ketawa anjg,negatif
@RagilSemar Lah emang konyol film horor indo,negatif
film horor indo alurnya sulit dimengerti,negatif
@estehduluuu @jokoanwar 11 dari 100 Plot hole banyak scoring musik aja dibanggain alur cerita kurang pas. Yeah avarage film horor nuansa agama pada umumnya indo mabok agama = bom bunuh diri. Kek gk ada yg lain aja tu pov,negatif
"Lu pernah gak si, nonton bioskop tp kaget dpt nya film jelek kek dajjal fak alias menjelang ajal film nya jelek bgt malu maluin aja ajg",negatif
oh iya sama jual agama film horor kebanyakan formulanya jual agama indo : siksa kubur makmum dll malay : munafik barat : the nun dan film exorcism lainnya i guess its just not my kind of movie sih soalnya kesabaran w setipis tisu jd kl liat tokoh nya tolol gua bakal marah,negatif
Baru kali ini nnton film horor hantu nya bisa pingsan :) Anj cape banget emang nnton film horor indo :),negatif
Ini film horor indo kok jadi aneh gini sih,negatif
@moviemenfes Gimik sampah kaya film. Horor indo,negatif
@moviemenfes Hmmm ya gitu klise seperti film horor indo pada umumnya,negatif
Mengapa film horor indo tuh selalu bebenturan dgn agama tertentu. Bisa ga sih buat film serem tuh tanpa embel√Ç¬≤ agama...,negatif
Kok cuma gini sih pak joko anwar kurang gore kurang menyajikan horor yang biasa dibawa di film sebelumnya. Alur maju mundur tp masih sedikit bisa dicerna,negatif
@HabisNontonFilm Kebanyakan film horor indo isinya sholat mulu. Mau itu tentang agama atau engga,negatif
Ada apaan deh kok indo ngeluarin film horor mulu dengan judul aneh2,negatif
@HabisNontonFilm Bosen cerita film horor indo gitu2 aja,negatif
Dari semua film horor indo yg temanya berunsur agama belakangan ini ada yang bagus kaga sih? Jadi template skrg ga sekalian aje balikkin ke horor sek mid 2000s reborn. Apa kek Setan Sosmed Pocong Boba gitu,negatif
Death whisperer adalah film horor tapi malah jual visual pemainnya kek kurang nyambung bgt,negatif
"gimana nih?? masa part 1 lebih bagus dari part 2, part 2 nya bosenin bgt anjg #badarawuhi",negatif
Film horor indo mah dah berantakan mending bikin film antariksa lagi deh..,negatif
kenapa kadang film horor indo jaman 2000-an tuh lebih serem daripada film horor indo jaman sekarang... apa karena film horor indo jaman sekarang terlalu banyak pake CGI/efek komputer sedangkan dulu jarang/ngga jadi lebih kerasa nyata dan seremnya?,negatif
"review dari aku yang suka horor, ini film gak ada penampakan, minim jumpscare, alur nya kurang cuma visualnya aja yang serem. tapi bikin eneg dan binggung sepanjang film",negatif
@YustineMelinda @moviemenfes Ga heran sih banyak banget film horor indo overhyped+overrated,negatif
Dari dulu emang dah ga suka film horor apalagi horor indo.,negatif
Film horor Indo makin ke sini keknya makin di luar nalar. Kehabisan ide kah? Perasaan yg mistis2 gitu kaitannya sama budaya deh segala bawa-bawa agama dan tragedi hidup seseorang yg aslinya gaada mistis-mistisnya sama sekali tapi dipaksa jadi horor.,negatif
Kenapa yah indo ini klo buat film horor itu kebanyak horor berbau esek2 kaya dia udah tau peminatnya pasti dikit makanya dia pancing dengan perempuan2 yg seksi + narik orang buat nonton pakai poster dan judul yang diluar nalar. Dan berhasil narik orang tolol buat nonton,negatif
@paracosmtounini Gue jarang nonton film indo ga tau ga suka apalagi horor movie nya ga jelas sering nya pake agama islam mulu jd males ,negatif
yang bagus dari film ini hanyalah posternya doang,negatif
bener bener film indo ini ga ada simpatik nya banget apa apa dijadiin film horor,negatif
@cinema21 udh lah gausa produksi film horor heran bgt makin kesini makin gajelass film horor di indo,negatif
Ternyata emang gak salah gue dari dulu gasuka film horor apalagi horor indo,negatif
Mulai skeptis sama film horor indo yang makin kesini makin kesana. √Ø¬∏¬è,negatif
@efenerr Heran film horor indo ini kok kebanyakan sampah gini sih,negatif
Another film indo terjelek please guys ga usah di tonton please stop normalisasi film genre horor yg bawa bawa agama or even kasus pemerkosaan kaya gini makin lama makin gaje aja nih produser - produser film indo.,negatif
WOI LAH BENCI BANGET GUE SAMA FILM HOROR INDO SIALAN,negatif
@AREAJULID Itu sebabnya gue gak pernah nonton film horor indo. Selalu pake bumbu bumbu agama apalagi yang makmum malah bikin orang takut buat sholat tahajud. Menurut gue isinya adat istiadat dan budaya yang kental aja udah cukup menggambarkan khas indo,negatif
@tanyarlfes dari dulu ga akan mau nonton film horor indo ya gitu alur nya ngelantur bgt,negatif
masalahnya itu film jelek nder... dan film horor indo tuh terlalu pake agama itu narasi dasarnya ibadah semua kek BOSEN ANJENGGG. tiap bulan pasti ada aja film horor jelek yang ngabisin slot bioskop.,negatif
@AREAJULID Film horor indo isiny klo gk cabul ya gini nih Unfaedah,negatif
@sasyaamoca @tanyarlfes Kenapa film horor indo nyambungnya ke agama Islam/kejawen teruss.,negatif
Setuju skrng film indo horor makin jadi ga karuan sesat,negatif
sebelumnya ga prnh nonton Film Horor Indo di Bioskop. Dan pertama kalinya nonton Pemandi Jenazah saat scene Sholat tiba jd hantu sumpah! Gue lngsung jijik nontonnya. Harus gitu Sholat dibawa Serem? Sholat itu menyejukkan hati. Boikot Film Horror Agama,negatif
@tanyarlfes setuju banget dan herannya film horor indo yg menyesatkan gini tuh justru banyak bgt penontonnya,negatif
@flickmagazine Film sampah film horor indo itu smua tdk ada yg jelas ceritanya cuma mau bkin aaja kontroversi.....not respect,negatif
Alesan gasuka nonton film horor indo issue agamanya kenceng,negatif
@opposite6892 Film horor indonesia skrg konyol.. Ada adegan Shalat tahajud di mushola pun diganggu pocong.. Pocong Taek.. Pocong goblok.. Kebanyakan orang indo takut ama hantu bungkus..,negatif
@Hilmi28 Gw aj udah muak nnton film horor indo ap lg pas ada Desa penari dr yg heboh sampe sekarang gk pernah nonton karna udh jijik dluan sma gimmick-gimmick yg dibuat penonton kesurupan abis nonton tp masih kuat genggam Hp https://t.co/XhrcHTZMLU,negatif
@tanyarlfes dari dulu film horor indo gaada yg bagus. bawa2 agama atau enggak ttep jelek!,negatif
@tanyakanrl SUMPAH SETUJU BANGET!!! DEMI APAPUN FILM HOROR INDO SEKARANG TERKESAN MAKSA BUAT HOROR! KALO DISURUH MILIH FILM HOROR INDO JADUL ATAU SEKARANG MENDING FILM HOROR JADUL DAH KATA GUE TERLEPAS ADA BOKEPNYA!!!!,negatif
"ketebak lagi anjg, udah pasti bawa bawa agama lagi",negatif
@tanyakanrl Setujuuuu. Skrg udh males lg nonton film horor indo krn yaa garis besarnya udh tau ceritanya dikaitin sm agama biar lebih berasa relate sm kehidupan sehari2,negatif
Sebagai orang yang suka nonton film gw udah gak suka lagi sama perfilman di Indo ini. Kebanyakan horor anjir kenapa sih apalagi semuanya hampir ada unsur agama... ENOUGH PLZ,negatif
Film horor indo banyak yg nakut-nakutin org utk ibadah. Kalo dibilang sampah ntr fans fanatiknya bilang Emg karyamu apa? Heleh,negatif
Ndk mau memang nonton film horor indo apelagi yg berbau agama. Pernah sekali nnton film horor yg berbau agama langsung auto takut sholat sendirian dikamar waktu itu. Fikiran jd aneh2 :)),negatif
@tanyarlfes alhamdulillah moga kedepannya gada yang produksi film horor nyeleneh lagi dari dulu w gapernah tertarik ama film horor indo karena ga mutu bawa bawa agama buat nakut nakutin orang,negatif
lagian heran bgt buat film horor indo slalu pake unsur agama kya gaada yg lain???? malah buat org mls sholatttt,negatif
@NenkMonica @RiaRicis gak jelas bgt film horor indo sekarang makin kesini makin makin ngebawa budaya dan agama. emang kalo gak ngebawa itu bakal gak laris apa ya? yang ada bikin orang makin takut dan malas buat ibadah,negatif
@Areastruggle Gue yg gabakalan nton film horor indo macem kek gini. Gak mutuu. Lebih suka film horor luar,negatif
@NenkMonica @RiaRicis Staterpack film horor indo kehabisan ide bet kalo udah bawa bawa unsur agama padahal kan bisa cari ide lain kayak setan setan dari berbagai daerah gitu gausah bawa bawa unsur agama mulu yg ada malah bikin orang takut ibadah gimana,negatif
@tanyarlfes Lagian gue heran banget anjir sama film indo horor kenapa harus banget ada unsur agamanya (walaupun gk semua sih) bisa gk sih pure gitu horor aja gk usah ada unsur agamanya,negatif
GUE BENER UDAH MUAK SM FILM HOROR INDO YG BAWA√Ç¬≤ AGAMA BOIKOT AJA FILM GA MUTU ITU. DEMI UANG BERANI MEMPERMAINKAN AGAMA ORG STRES,negatif
@tanyarlfes Lagian kenapasih film horor indo ceritanya tentang ibadah agama terus. Mana ini fotonya kayak orang lagi rukuk pake istilah keagamaan lagi,negatif
@moviemenfes Film indo tuh yang laku kalo gak film lawak ya film horor yang ada sange2nya dikit,negatif
@tanyarlfes Ayolah buat film hror yg temanya lain tanpa bawa bawa agama kalau pun ada ya paling sekedar kaya rukiyah aja atau exorcist gitu aja Jatuhnya kaya film horor indo tu miskin ide dan main instant aja,negatif
mangkanya gua ga mau nonton film horor indo yg tentang agam atau sholat sholat gini gua orangnya parnoan dan penakut jd bakal bikin gua jd takut ibadah apalagi ibadah malam,negatif
@tanyakanrl islam mulu bjir yang di senggol coba agama lain kek.. mentang mayoritas.. ATAU GA GAUSAH BIKIN FILM HOROR AKU TW Y DI INDO NI BYK YG SUKA HORROR TP Y G GT. MALESIN.,negatif
Indo banyak percaya takhayul Aku sendiri suka Goeun eonni dan aku juga padahal lagi ngebandingin se serem apa horor korea ama horor indo. Mana kalo film indo suka bawa√Ç¬≤ agama akhir√Ç¬≤ ini jadi malesin,negatif
@Rizal_XXIV Hooh bener terlalu minim ide Indo. Paling pinter org indo klo buat sinetron yg menguras akal dan emosi Gk bermutu bbrp film horor Indo,negatif
@Areastruggle dulu pake unsur porno klo sekarang agama ya begitulah film horor indo,negatif
"ngga ada vibes seserem itu. sumpah dari awal sampe akhir biasa aja ini bukan film mutilasi cuma film dukun horor
",negatif
@tanyakanrl Emg lama muak juga film horor indo banyak bawa bawa agama ibadah gini,negatif
Menanti dgn kegalauan deg2an pula pertandingan semifinal timnas sambil nunggu nonton film horor nya Indo ,netral
@justt_ppe film film horor indo biasa aja yg di netflix terakhir gua nonton yg luna maya sama suaminya titi kamal,netral
Baru kali ini nonton film horor ustadnya bener2 baca ayat kursi sampe abis. Kok klo film horor Indo aku ga pernah denger ustadnya baca ayat kursi ya? Apa aku yg ga nyimak aja? https://t.co/mjxIrL24i8,netral
@rentfess Halo sender. Saya masih avail half day hari ini dan bisa PDA. Bisa movie date juga dong. Sender lagi pengen nonton film apa? Saya ada sih lagi pengen nonton ghibli. Cuman diajakin nonton apa aja juga saya mau (kecuali horor indo). Malem mingguan sama saya yuk? √£‚Ä¶¬°,netral
@nieverossie Oh oke noted tadi kurleb juga dengerin review orang gini sih Bukan masalah kurang berani nonton horor sih cuma di domku jumlah kursinya yg booked pas cek hitungan jari aja jadi berasa sepi bgt pasti,netral
@bangput06 @moviemenfes Penontonnya pada antusias soalnya di indo ngeluh horor mulu tapi giliran ada film yang beda malah sepi wkwk,netral
pernah nonton film horor indo. Ceritanya kyk segrup gitu ketemu cowok random pas traveling ternyata si cowok random ini ngebunuh2in grup itu satu persatu lokasi syutingnya kayak di perkebunan teh gitu,netral
Tadi pagi udah mbatin ntar malem mau nonton Cafe Minamdang/ film horor indo yg di Prime. Eh taunya dapet bacaan drama Hybe,netral
@moviemenfes Jadi yakin banyak orang indo emang gasuka film yang berpikir panjang atau teka teki lebih suka yang kalo horor harus ada hantunya,netral
DUA ANTOLOGI HOROR YANG TERDIRI DARI DUA FILM: KELAHIRAN DAN KEMATIAN DENGAN PENDEKATAN ORGANIK. REVIEW 'TANDUK SETAN (2024) BY CINERIES https://t.co/yc2sjlj5Sv,netral
"ada yang tau gimana, penasaran banget sebelum nonton",netral
Di Indo nih film horor tinggi banget minat penonton nya nih ku kasih rekomendasi film horor terbaru kalo bosen nonton horor yg gitu√Ç¬≤ aja https://t.co/MtBmFGd3K1,netral
Produser film horor indo pada memantau tweet ini,netral
@tokotanX That the reason why aku klo nntn film horor tuh selalu film luar Krn hantu2 Disana g akan ke indo. Begitu sebaliknya klo aku di luar indo aku nntn horor indo soalnya jauh bngt jrk nya,netral
review badarawuhi in my opinion. menurut aku pribadi yg bikin horor itu bukan hantu atau jumpscare tp sebagai cewek ada beberapa yang bikin takut yang nenek-nenek setengah telanjang nari di pemerannya.,netral
udah banyak tapi tetep aja sepi menurut aku orang orang pada nonton film horor mistis itu tuh karena viral terus pada fomo nonton soalnya aku jarang bgt liat yang selain genre itu viral makanya sepi kalo emang mau nyari dan eksplor genre lain di indo sebenernya buanyaakk,netral
@tanyakanrl Mau bilang ko indo banyak nya film horor cuman emang fakta nya masyarakat ID suka nya horor hahahah,netral
@jakeellzn ya kannnn tp emg beda ga kyk film horor indo lainnya bedanya ini dia lebih menonjolkan sadis drpd horornya ya ga siii?,netral
tp kalo diliat dari film horor pada umumnya sih termasuk bagus krn film ini beda dri film horor indo lainnya dia ini lebih ke sadis,netral
wkwk tumben bngt nonton film horor indo biasanya si paling anti nonton film indo,netral
@rudaljinak Maaf agak melenceng. Dulu aku pernah nonton film horor indo dengan latar Konghucu? Pokoknya cina√Ç¬≤ gitu. Ada temennya yang ilang ternyata dibunuh dan dimasukkan ke tangki air yang diatas apartemen. Ada yang tahu judulnya nggak?,netral
saran film indo yang jawa-jawa gitu dong tapi jangan horor,netral
film horor indo ni macem macem bgt jenisnya ya jadi inget komen knetz yg bilang orang indo cinta bgt genre horor makanya exhuma rame bgt di sini,netral
ih keinget dulu pernah nonton film horor indo apa ya judulnya pokoknya ada cowo ngebunuh cewe lg hamil kl gasalah trs mayatnya di taro di tembok ditutup batu bata tp judulnya apa yak lupa bjir,netral
@moviemenfes Klo yg film horor indo yg bikin takut bgt atau jadi kebayang2 sih jujur blm ada. Cuma bkn berarti gak ada yg bagus. Keramat yg pertama pengabdi setan 1 qodrat (tp katanya ini bkn horor ya?) kuntilanaknya Julia Estelle sebelum iblis menjemput.,netral
Ditemgah gempuran film horor indo yg lg rame di bisokop malah pgn nonton first omen.. niat hari ini nonton malah bangun jam setengah 3 terus malah ujan,netral
sutradara horor indo gak mau apa bikin film tentang pejabat korup atau pemimpin serakah yang kena azab di akhir hidupnya,netral
Mvs Badarawuhi di desa penari ini serem banget kah? Sender belum pernah nonton film horor indo di bioskop tpi penasaran sama film ini tpi takut terlalu seram dan ga kuat.,netral
@rimunomi Nah makanya aku kmaren liat slide pertama postingan ig akun dagelan soal review itu film langsunb akututup hapekupaling ga berani deh ama film2 horor indo,netral
Personal taste. Gue lebih seneng film horor dgn adegan dan mimik yg mengganggu ketimbang jumpscare.,netral
kan lg nnton film yg aku tau kapan kamu mati di trans 7 trus ni anak sd penakut tapi kepo biasa lah ya pas yg scene wilona ngecek jendela w bilang gk ada tau gk ada pdhl aslinya w tau bakalan muncul (tau lah ya horor indo gmn) trus beneran muncul dan sodara w teriak,netral
Moots ada yg bisa rekomendasi film horor di bioskop yang bagus gak? Indo boleh film luar boleh. Makasih,netral
"film yang keluar bulan ini banyak horor ges, jadi siap siap bagi yang suka horor merapat ke bioskop",netral
kalo masi binggung liat aja review-review di twitter atau youtube,netral
horror horor Ges ada yang tau judul film ini? Sender nonton udh belasan taun lalu (lupa banget judulnya) Film Indo horor jadul BUKAN PAKU KUNTILANAK (dp). Ceritanya di jalanan ada kuntilanak/setan (lupa) kepalanya dipaku terus dijadiin istri.,netral
Liat ig bioskop2 indo serem2 banget yaa bener2 film horor mendominasi bioskop Indonesia deh,netral
Film indo yg tayang pas libur lebaran banyak horor.,netral
selalu tidak pernah tiap libur lebaran gini pasti mak w ngajak nonton semua film horor indo di bioskop,netral
SPILL FILM HOROR INDO YG WAJIB DITONTON,netral
Mungkin film horor indo bisa dicoba pengin lihat respons masyarakat,netral
siluman kambing tuh dr film horor indo apa judulnya ya,netral
@thtguyonthdrstp Noted. Ntar kalo ada mood nya gue coba cari. Gue terakhir nonton film horror yg mayan ya The Medium yg thailand itu. Horor indo yg paling belakangan gue tonton Keramat 2 sih.,netral
saran film indo yang ada unsur psikologi nya tp jangan yg horor plis nanti yg menang dapet hadiah,netral
gw kehabisan film horor indo,netral
Harusnya film horor indo tuh isinya siksaan buat para koruptor pls jgn bawa2 ibadah,netral
Asli horor psikologis tuh lebih ngena banget. Efeknya lebih dapet dibanding horor setan. Film indo harusnya coba lebih kembangin yg modelan kayak gini. Ga harus tema kayak alien yg harus pake CGI. Kisah kisah teror itu udh horor banget loh,netral
@moviemenfes semoga nanti ada film yg nyeritain kehancuran indo akibat ubah org2 rakus yg gak mentingin rakyat samsek dan pake analog horor gini pokoknya yg temanya horor-psikologi gitu lah,netral
@paracosmtounini aku gk pernah nonton film horor indo sih alasannya ya karena takut dia kan hantu indo dan aku tinggal di indo jd takut dateng,netral
Btw aku setuju kasus kriminal di Indo yang memakan nyawa tuh banyak.. kalo mau dijadiin film/series minimal genre crime drama kalo kualitas film sini dah oke medical drama juga boleh. Banyak ilmunya lho penonton jd aware sama motif ,netral
@summerair__ @efenerr kan katanya kasus ini terungkap Krn ada yg kesurupan. Krn penonton indo demennya horor akhirnya nih kisah dibikin film demi meraih cuan,netral
@paracosmtounini Terakhir nonton film horor indo pas jelangkung (versi old) sama mirror. Habis itu gk tau kenapa tidak pernah nonton film horor indo lagi,netral
@cuydigital @tanyarlfes Ya karena selera mayoritas masyarakat indo ya film horor... Banyak ko film genre lain yg bagus bahkan sampe dapat awards dari festival√Ç¬≤ film tapi ga laku di bioskop...,netral
Semua itu fakta yang gak bisa kita tutupin stop berpikir buruk jika kita gak berpikir terbuka dahulu banyak manfaat yang bisa kalian lihat dari sebuah film sebagai pecinta film menurut gue semua film itu punya maknanya MASING2 ini merupakan bgin sejarah film indo horor 2024,netral
Sisi lain hadirnya film ini bersamaan dengan konten speak up sebelumnya terkait film horor unsur agama mari gue berikan gambaran kenapa eropa byk film horor dengan nuansa kristen karena sesuai dengan kawasan disana lu pikir sendiri jika pakai agama kristen di indo mau gimana,netral
@cuydigital @tanyarlfes waktu itu pernah nonton podcast om ded sama jota katanya pasar indo lebih rame horor udah gitu budgetnya juga lebih minim film horor ketimbang film action. jadi mungkin itu alasan film horor di indo selalu ada bahkan di tiap tahun lebih dari satu film horor,netral
Padahal ada mitos Bali juga yg bisa diangkat pleasee aku pgn bgt nonton film horor tema Bali film horor Indo yg di Netflix banyakan unsur Jawa soalnya,netral
Indonesia EMG suka film horor si Kalo populer begini pasti gw rasa kedepannya Korea kalau bayangin film horor lagi bakal masukin pasar ke indo lagi,netral
@bbiiutiful @convomf Kayak film horor indo tapi gw lupa judulnya. Potong sapi mulu buat sesembahan terus dibagiin ke tetangga. Renov rumahnya ga kelar,netral
@WatchmenID album film: suka nonton rangkuman film2 horor thriller gorenya soalnya klo nntn filmnya full takut ,netral
"jujur aku ga ngikutin dari kkn desa penari, tapi kalo nonton langsung badarawuhi bisa paham ga si",netral
Belum tau aja film horor di indo tiap musim liburan selalu muncul,netral
#badarawuhi tiati didatengin Badarawuhi loh inget ini maljum :(,netral
Emang pasar indo film genre horor sih,netral
dengerin podcastnya ernest yang sama radit tuh dia ngomong kalau film yang bakalan laku di indo tuh horor krena peminatnya gede,netral
Rumus film laris indo ya horor. Horor lokal sampe horor impor semua laris.,netral
@moviemenfes Tolong lah indo ngeluarin film horor kaya The Nun,netral
"Minggu siang nonton film horor Indo sama temen, semoga aja bagus lah ya",netral
@lesmbaran @sugmadiig Bukan cuma di Indo di luar negeri ada The Nun sama The Medium itu salah dua dari film horor Agama.,netral
@moviemenfes sumpah. ku lagi nyari judul film horor indo jaman dulu. jadi ceritanya rumah mewah gede ada kang nasgor tapi bukan rumah pondok indah. ada pemeran namanya larasati(?) dia ditumbalin gt jantungnya dimakan. badannya dikubur misah di rumah itu. apaan judulnya pls,netral
@tang__kira Inilah gunanya rating serta pengawasan orang tua karena anak-anak tuh belum bisa mencerna mana yang bisa ditiru dan mana yang engga. Di indo juga sama aja di bioskop banyak film (misal horor/action) yg rating 18+ tapi masih banyak ortu yang ngajak anaknya ikut nonton,netral
Dulu sering nobar film horor indo sama temen2 abang gw dan kalo ada bagian porno nya mata gw ditutupin sama temen2 abang gw,netral
mana ada orang industri film indo yang mau bahas isu penting trus dimetafora atau apalah itu dijadiin genre horor padahal bakal bagus dan menarik,netral
w inget banget ada film horor indo judulnya pocong mandi goyang pinggul pas baca koran,netral
film horor indo yg dari thread twitter itu apa sih namanya yg bapaknya pesugihan kambing,netral
daripada hantu muncul dari balik mukena coba sutradara Indo bikin film horor yg hantunya muncul dari balik baliho caleg,netral
film horor indonesia bagus ga si kalo dipaduin sama genre lain gitu misalnya laga gitu. jadi hantunya yang berantem. sori absurd kwwkkw ,netral
@sadbitxh197 @tanyakanrl horor indo yg bagus kalo ga tntg psikopat ya horor yg ngangkat tema tntg seni keraton yg dilanggar dan bikin malapetaka gitu. contohnya film Keramat ga bawa2 agama dan film jadul yg sederhana bgt tp horornya dapet,netral
terakhir nonton horor indo tu kkn deh kalo gasalah. sekarang binggung nih mau nonton lagi apa ga,netral
"aku abis nonton menjelang ajal: nggak bagus nggak jelek juga :"")",netral
AK apalagi ak orang nya penakut kadang jadi bingung mau nonton film indo soalnya kebanyakan horor,netral
@lilaccountz banyak sodara yg agamanya muslim suka ngajak nonton film horor indo tp klo filmnya ada unsur agama islam aku gamau bukan gmna2 jujur aku bosen bengong disuruh nemenin dia sholat mulu,netral
Benerr di luar negeri juga pada banyak kok bikin film horor tentang agama apalagi agama kristen cuk. conjuring insidious dll. Tergantung agama lokalnya gmn di indo agama islam jd horornya islam2 mulu.,netral
@velstic @tanyakanrl Mainnya sama CGI mungkin di Indo masih banyak memakainya di Film HOROR doang bukannya dikembangin ke Film Genre lain misalnya yang kaka sebut,netral
@tanyarlfes Pernah berkunjung ke LSF(lembaga sensor film) dan diskusi langsung sama orang orang disana pas ditanya kenapa film horor indo kebanyakan mengambil film horor yang berkaitan dengan agama salah satunya adalah karena banyak orang Indonesia yang memang menikmati film nya jadi-,netral
dulu waktu S1 seminar aku tentang semiotika film IT tapi karena kurang melokal jadi skripsiku tentang film Pengabdi Setan. Kerasa banget perbedaannya bahas film horor luar sama Indo. elemen horornya ga harus tentang agama ada banyak isu yang bisa masuk :(,netral
@HabisNontonFilm padahal di Indonesia ini kaya banget sama keberagaman budaya nah pasti banyak kan tuh mitos2 yg seru bgt kalau di eksplore ,netral
Ya karena itu yg bikin film horor berbumbu. Ga cuman Indo aja superstition di Asia itu banyak. Jadi ya itu dipakai momentum sama sutradara2 buat bekalin film horornya. Sama kayak film US yg pake superstition dari Mexico misalnya. Ya karena lebih menjual soalnya orang2 familiar.,netral
Kangen horor indo jaman dulu. Misal kek film kuntilanak pocong dll.,netral
@nabatisyipp Yang penting rating liat aja penonton terbanyak film indo isinya rata2 horor,netral
Masih nunggu film horor indo yg isinya perang dukun adu kesaktian kek tante w tukang pijet yg bisa ngeliat klo kliennya diganggu trs ngasih saran hrs gmn√Ø¬∏¬è dukun guna2 vs tukang pijet sakti misal isinya agak misteri ada investigasi gtu apa tdk keren wkwkwk,netral
jawabannya cuma 1 that typical horor movie yg paling mudah dicerna masyarakat indo karena dekat sekali dengan kehidupan nyata mana bisa film horor kek get out the shining last night in soho the silence of the lambs pearl dkk laris di indo,netral
sebutkan jumlah film horor indo bertema islam yang pernah kamu tonton,netral
@HabisNontonFilm ga pernah suka film horor tapi jujur aja apa yg disampaikan memang kenyataanya begitu. bukan masalah iman lemah atau kuat ya tapi males bgt liat horor indo yg bawa2 islam atau budaya jawa. muak dan ga kreatif kek muter disana aja cuma bikin storyline lain doang.,netral
Setuju banget sama opini mba gina. Film horor indo harusnya bisa eksplor lebih dari saat ini,netral
@LilySweetScar @moviemenfes Mau kasih saran sedikit Indo banyak angkat isu LGBT kenapa gak coba angkat film LGBT dari sudut pandang horor psikologi? Kayak mengulik The Dark Side of LGBT dari sudut pandang straight yg menjadi korban atau POV pelaku LGBT itu sendiri. Dibuat premisnya seperti tradisi kultus.,netral
@HabisNontonFilm Coba lah produser indo sesekali bikin film horor agama tp dihantuinya gegara ga pernah ibadah,netral
@moviemenfes Film bagus tuh cocoknya di streaming. Kalo di bioskop susah lakunya. Kebanyakan penonton indo tuh sukanya yg horor film luar kayak Marvel selain itu mah kurang.,netral
@tanyakanrl indo emang kebanyakan film horor. mendingan komedi aja ga sih kan warga indo tuh kebanyakan random,netral
@resheiraa @moviemenfes Ada 1 film horor indo jaman dulu namanya KARMA disitu ada unsur cina(konguchu) nya. Kl gasalah yg main dominique diose,netral
@resheiraa @moviemenfes dulu ada film horor indo latarnya Chinese culture gitu (kurang tau itu khonghucu atau budha) judulnya karma,netral
do you see what i see personal review 4/5! ni dari kacamata orang yang gak pernah menonton horor bagus bgt yang udah sering ya maaaf bg jago.,Positif
Menolak keras film film horor indo kecuali buatan Joko Anwar ‚≠ê‚≠ê‚≠ê‚≠ê‚≠ê,Positif
Abis nonton siksa kubur sangat sangat keren#SiksaKubur,Positif
aku mau review mvs do you see what i see film horor baru akting pemainnya bagus-bagus walaupun awalnya yang paling aku kenal cuma nama shenina tapi ternyata cewek-cewek di sini aktingnya bagus-bagus √¢‚Ç¨¬ç√¢‚Ä†‚Ä¢√Ø¬∏¬è jalan ceritanya oke jumpscarenya jarang oiya (cont..),Positif
"aktingnya Shareefa Daanish yang bener-bener jor-joran. But at the same time capek juga liat doi kesurupan. Porsi dramanya pas, karakter pacarnya Ratna kalau gak ada pun gak ngaruh ke cerita.",Positif
Review Siksa Kubur 1. 10 menit awal jumpscare tipis2. lumayan bikin kaget 2. berikutnya plot twist mulai berat. jelang akhire full gore/ sadis 3. Bagus. Lbih ke thirller psikologi jd klo mentale gak kuat jgn nonton. 4 Skore 8 dr 0-10. #SiksaKubur,Positif
10/10 aku hampir gapernah nonton horor indo terakhr pengabdi setan 1. pas awal nonton agak ngang ngong krn emang byk hal tersirat gitu jdi mikir nya apa banget sih nih film gaje. apalagi miskin backsound yg menurutku agak aneh cuman teng teng teng tapi menuju akhir anjir sihh,Positif
orang2 kaget dan shock nonton Siksa Kubur gue yakin mayoritas perkara MAN ROBBUKA? kek anjirlah siapa yang ga takut ditanya begitu gue pas di ending ada suara... Man Robbuka? gue nyebut istighfar gue pikir gue di bioskop dah mati #SiksaKubur @jokoanwar,Positif
Setelah tadi Ceon nonton Badarawuhi di Desa Penari Ceon bisa rasakan kalau film ini bener-bener dipikirkan secara matang terutama plot ceritanya. Dan unsur mistis nya juga terkonsep dengan baik. Review lengkapnya menyusul yaa~ . #vtuber #Badarawuhi #badarawuhididesapenari,Positif
Sampe #badarawuhi aja jadi trending fenomenan +62 yang luar biasa apalagi soal horor or mistis,Positif
@ernestprakasa Kemaren sudah nonton Badarawuhi dan wow bagusss banget....Badarawuhi membuat lompatan jauh untuk film horor indo. Cerita yang rapi shot pengambilan gambarnya ciamik. Gambar2nya bening....kalian semua harus nonton BADARAWUHI !,Positif
Siksa kubur. Bener bener tersiksa nontonnya. Sakit urat leher mual sesak engap. Gilaak mental dan psikologis gua kena. Pemain√Ç¬≤nya a anjirrlah..emang gak diragukan. 2 jam beneran disiksa #SiksaKubur,Positif
@20604k Rill satu2nya film horor indo yang berani aku kasih nilai 10/10,Positif
"pemandi jenazah coba deh. Semua cast-nya ok. aktingnya emang keren bgt ya,",Positif
Agak mustahil tapi kalo #Crew masih rilis di Jakarta sampe lebaran bakal kutonton sama #BadeMiyaanChoteMiyaan dan #Badarawuhi,Positif
Pintu terlarang gila bagus bgt,Positif
First time nonton horror setelah terkahir kelas 6 SD wow milestone. Serem seru tegang tapi bukan yang bikin takut gelap atau takut ibadah kaya film horor indo plot twist sama alurnya lebih ke thiller-action-horror sih,Positif
FILM HOROR INDO INI WAJIB DITONTON #siksakubur,Positif
BOO! Siapa yang belum tau film bergenre thriller yang satu ini? Wahh Senam jantungnya dapat banget loh! Sini mimin spill tipis-tipis #review #rekomendasi #reviewfilm #horrormovie #horrorfan #horor #thriller #tegang #seram https://t.co/qZHtfzKrrH,Positif
Baru kelar nonton Budi Pekerti itu film baguss dah. Tapi tetep pasar horor lebih laku di indo kayaknya..,Positif
Kata gua keren banget sumpah badarawuhi 9/10,Positif
"Di ambang kematian, mantep bgt coook, gore nya dapet, dan keren lah",Positif
"Saya lagi sering ke bioskop terutama untuk film dari Indonesia, baru sadar akhir-akhir ini lebih sering nonton film indo ketimbang luar. Tapi buat horor baru terakhir kemarin Badarawuhi, Menjelang Ajal lumayan bagus la.",Positif
Meski Dibumbui Sedikit Komedi Nuansa Horor Ketegangan dan Brutal Sangat Terasa https://t.co/YM9oZ0Y2HJ,Positif
"Sebelum Iblis Menjemput (2018) 2 pemain utamanya oke sih, tapi supporting cast nya keren keren, terutama Ruth Marini sama Karina Suwandi yang keren banget dah",Positif
Ini adalah salah satu film horor terbaik yang pernah dibuat. Hadir dengan konsep yang sedikit berbeda dari film sejenis  membawa genre horor ke level yang lebih tinggi namun tetap ngga melupakan mitos dan mitologi klasiknya. https://t.co/0VkD2dd0Hk,Positif
Film horor yg ini emang beda ya sensasinya dan  ini masuk ke salah satu film horror paling serem! #rekomendasi #rekomendasifilm #rekomenfilm #review #horor https://t.co/MPoHd6pzOF,Positif
Movie review Buat kamu yang butuh hiburan horor film ini wajib banget kamu tonton! Menggunakan kamera yang nggak biasa bikin film ini memberikan efek lebih puas ketika ditonton https://t.co/0Snzk9zZPV,Positif
@moviemenfes Ini bagus banget horornya gue termasuk orang yang pilih pilih kalo nonton film indo apalagi horor tapi ini baguss salah satu film horor indo yang gue suka selain pengabdi setan,Positif
"Rumah Dara, ini masih gore thriller si masuknya kayanya hehe, tapi itu bagus sumpah, jarang¬≤ film indo gore sebagus rumah dara ü•π",Positif
"Keren sih udh mau 2 film ,yg film horor udh mau tayang.satu lg blm tahu genre apa? Lagi reading sih, shoot nya di indo dan korea.series juga dh tayang,bismillah lancar terus ya,diam diam buat karya dong.",Positif
Pengabdi setan alur ceritanya bagus dan kek baru gt bukan yg template Sotoy bgt gw review gini gasi ,Positif
Sekarang kita bandingkan Badarawuhi yg memancing rasa penasaran dg Valac yg (berkesan) meneror. Inilah keunikan dr #BadarawuhiAsCharacter ia adlh #Demon-nya Indonesia yg tak perlu berdarah2 tapi mematikan. #IndonesianMythologyAndFolklore,Positif
SEBUAH KARYA HOROR YANG MEMUKAU MENGGABUNGKAN ELEMEN-ELEMEN CERITA YANG MENDEBARKAN DENGAN AKTING YANG MEMIKAT DAN ATMOSFER YANG MENCEKAM. REVIEW FILM 'MENJELANG AJAL' (2024) ,Positif
9/10 ‚≠êÔ∏è‚≠êÔ∏è‚≠êÔ∏è‚≠êÔ∏è Filem #kkndidesapenari sangat berbaloi untuk ditonton dan banyak nilai-nilai etika kehidupan dipraktikkan. Sayangnya Malaysia hanya papar Cut Full Film #kkndidesapenari tapi masih best! #kkndidesapenari #badarawuhi @KKNMovie @MDEntertainment @TGVCinemas,Positif
bagus kalau kataku yang wedi horor cak tp jarang jumpscare. penasaran karena filmnya bkin mikir  Sebenernya dari audio sama visualnya udah keren horor bgt abisnya jd takut jumpscare gitu tp padahal ngga ada review dr org awam,Positif
Sebelum Iblis Menjemput yang pertama bener bener bagus bgt evil deadnya Indonesia tegang bgt nontonnya,Positif
suka bgt sama akting dan visual aktor-aktornya tapi penampakannya amit-amit serem semua ,Positif
Pintu terlarang aja bagus banget lhoo. Film horror barat aja kalah vibesnya. Dulu ga nonton pengabdi setan pikiran gw kek 'apaan sih film Indonesia plg juga horror biasa nakut2in' eh rupanya semi thriller gt.  ,Positif
"Menemukan keseimbangan ideal antara tawa, horor, memadukan genre perampokan dan vampir untuk menciptakan pesta darah dan nyali yang nikmat dan memuaskan",Positif
Shareefa Daanish mengangkat kualitas #MenjelangAjal menjadi horor yang masih layak dinikmati,Positif
@theleadercheol Kalo menurutku sih bagus ga horor yang banyak setannya ini tuh horornya beda dari yang lain. pokoknya mantap dah,Positif
"ngomong2 soal poster sampe sekarang ini masih jadi poster film horor indo favorit gw. ngelihatnya aja udh merinding, gak  perlu ada unsur merah2 atau font tajam ala2 taring, dan semuanya masuk aja sm cerita yg pengen di sampein",Positif
"√Ø¬∏¬è HONEST REVIEW √Ø¬∏¬è Ini horor yang berkelas! jumpscare keren banget dengan formula yang beda dan dibuild secara apik dan mencekam. #Loungepedia #ReadInPeace #siksakubur #jokoanwar #movie 
",Positif
Menjelang Ajal sederhananya menjadi salah satu film horor Indo favorit tahun ini,Positif
Siksa Kubur (2024) Film garapan sutradara top Indo Joko Anwar menjadi salah satu film yg wajib ditonton pecinta horor. Jgn harap bnyk adegan jumpscare/pnyiksaan sperti judul. Pacsa nonton film malah membuat penonton berteori ini film apa si? bgmana nasib pmeran utama? 7 5/10. https://t.co/ta5RCGSRMs,Positif
@ghapharms @ComeandSeePics pengabdi setan! film horor indo yang paling berkesan buatku alasan mau nonton siksa kubur: penasaran sih jujur apalagi sejauh ini yg aku lihat review nya pada positif. dan yaaa alasan paling utama ya joko anwar! salah satu sutradara indo yg paling aku suka!!! wish me luck,Positif
Baru aja selese nonton #Badarawuhi Gw sumpah malah kagum ama akting dinda kanya dewi bagus pas kesurupan ampe lucuti kulitnya. Ama tarian di endingnyaaaaaaa bagus koreonya,Positif
Review Film Siksa Kubur : Horor Bikin Merinding Ide Plot Epic Performa Aktor dan Artis Luar Biasa dan keren https://t.co/oBtRMnef0O #SiksaKubur #Review #film #horror #√†¬∏¬•√†¬∏¬•ka√†¬π¬Å√†¬∏¬°√†¬∏¬ß,Positif
Film horor garapan Kimo Stamboel yang berhasil bikin kisah Badarawuhi naik kelas dari segi penceritaan dan teror keren abis dah pokoknya. https://t.co/ZH3BAWG4EK,Positif
@indomiacehflife @convomfs badarawuhi 9/10 film horor indo pertama yg bkin puassss setelah beberapa kali nonton horor indo cuma ngeluh yah 45k gwej,Positif
"Review Film Siksa Kubur: Horor Religi yang Dikemas Rapi dan Punya Makna Mendalam nilai dari aku 8/10, bagus bgt pokoknya https://t.co/0V2hk9PFzv #TempoSeleb",Positif
"@moviemenfes ini film rekomen banget buat yang mau tobat, 1000% habis nonton pada tobat dah",Positif
"Movie : Menjelang Ajal (2024) rate : 9/10 seram sebab aku byk kali menjerit dlm diam... dan juga sedih juga sebab dia menceritakan seorang ibu tunggal yg nak ""senang"" dgn cara senang untuk provide anak anak dia lepas suami meninggal. recommended 100%",Positif
menjelang ajal kirain film hantu abal abal ternyata scoring-nya mantap bgt plus lebih serem dibanding siksa kubur & badarawuhi. ,Positif
mending nonton menjelang ajal asli rekomended banget... aku nangis inget almh.mamahüò≠,Positif
"banyak yang bilang ini film kureng, tapi menurutku bagus si cuma emang agak bosen in aja diawal. diakhir akhir kena banget soalnya, support sama dunia perfilman indo",Positif
film ini bergaya horor klasik ke sinema modern dengan sangat apik dan mengesankan. Film ini langsung jadi salah satu film horor favorit gue. Sepanjang durasinya dipenuhi oleh gambar-gambar yang indah . https://t.co/Xs9Ae7XlgS,Positif
"rekomendasi banget buat nonton ini film nanti, kapan lagi film horor naik level gini",Positif
Review Film Kuyang Sekutu Iblis Yang Selalu Mengintai (2024) Perlahan Horor Lokal Ini Mampu Berikan Terbaik dan keren Hingga Plot Twist Tak Terduga https://t.co/ipsgAwnayV,Positif
@afrkml Baguss tipikal horor atmosferik mencekam yg minim jumpscare plot layeringnya beneran konsisten ngebuat penonton cemas dari awal sampe akhir film meskipun masih ada beberapa lubang plot yang bikin bingung.,Positif
"ini jadi film horor indo favorit si, udah nonton kebioskop 2 kali ",Positif
"jujur siksa kubur keren bagus bgt coy, itu beda dengan film horor yang lain daripada takut setan hantu, ini bisa bikin takut sama tuhan. nilai dari aku 9/10 bagus bgt dah pokoknya",Positif
@moviemenfes Film yg bikin gue ga berani lagi nonton film horor indo,Positif
Film yang dikemas dalam rangkaian misteri dengan gaya penceritaan yang merunut setiap bagiannya dengan rapi ini berhasil menjadi salah satu film horor favorit gue. Tipikal film horor yang seremnya dibangun dengan perlahan.,Positif
"@fessthai ga review lebay tp jujur series nya bagus banget dari segi alur aktor pengambilan gambar warna semuanya bagus banget yang suka sama alur mundur/teka tekai wajib nonton sih horor nya dapet romance nya dapet misteri nya juga OK walaupun alur mundur msh bisa di cerna.
",Positif
Jjurly im not into indo films gprnah nnton joko anwar tapi GILA SIKSA KUBUR KEREN BGT FILMYA APIK ARTSY GITU LOH RIL FILM Gw aslinya dateng buat mnikmati tontonan horor mainstream yg diserem2in tapi dapetnya yg mnggonjangganjing hati mungiel bikin mewek gini,Positif
@jokoanwar FIKSI. (2008) IS THE BESTTTT!!! Jarang2 ada film Indo dg tema psychological thriller sekeren ini apalagi di tahun tsb lagi marak horor esek2 jadi hidden gem banget sihhh! Next time bikin kyk Fiksi juga dong bang @jokoanwar jangan hantu2an mulu nakutinnya.,Positif
"NUANSA HOROR YANG SEGAR DENGAN BERBAGAI MITOLOGI KALIMANTAN YANG DIHADIRKAN. REVIEW 'KUYANG' (2024) 
",Positif
overall 9/10 buat aku yg gasuka thriller atau horor klo mau nonton ini better nyari review biar makin paham alur ceritanya.  bisa dinikmati filmnya. https://t.co/De4jSTpZTp,Positif
Review film Pasar Setan it's 8 5/10 √Ø¬∏¬è√Ø¬∏¬è√Ø¬∏¬è sumpaahh filmnya keren banget. Mungkin aku jg gk bnyk nonton film horor indo tp dr film horor indo yg pernah aku tonton sinematografi film ini bagus bgt dan plotnya gk ketebak alias plot twistnya,Positif
Film pertama #Badarawuhi di desa penari. Kelebihannya transisi tiap adegan yang mulus alur cerita dan ending yang simpel jelas dan ga ketebak. 8/10 #NontonBarengAry,Positif
kenapa diriku kek suka bgt sama horor gitu dah baca cerita nya nonton yg kaya explore ke tempat2 itu trus investigation apalagi suka nyambung sm sejarah juga ,Positif
Menurut aku sih ga ada kurangnya semua pas suasana mecekam mengerikan tp bukan horor yg bikin kaget. Kagum sm soundnya yg keren bgt apalg pas ritual gali kuburan sampe merinding. Diakhir film penonton pada tepuk tangan.,Positif
Masss @jokoanwar bajingaan tenan koe!! Iki next level film horor Indo! Angkat topi. #SiksaKubur,Positif
"@marigoldmerah kak Han tau ga? aku pikir review rang orang tuh dilebih kan gitu ternyata emang ni film horor indo termantap yg pernah aku tonton. beneran serem dan degdegan banget aku nonton nya kak
",Positif
best film horor indo di 2024 sih ini beda dari yang lain #siksakubur #jokoanwar,Positif
Horor terbaik so far di tahun ini beneran bagus banget - review positif dari @hannahalrasyid Kalau kata @hannahalrasyid film pemandi jenazah adalah film yang wajib di tonton.,Positif
Sensasi Film Horor Kereta Berdarah Aktingnya Para Aktor Berkelas dan keren bgt. Inilah review setelah menyaksikan film horor layar lebar yang cukup menegangkan selama lebih dari satu jam. https://t.co/PKpOMGAZue #Ragam #Bioskop #film,Positif
Review film pemukiman Setan 10/10. Ini film horor action. Di awal dikasih pemandangan gore ada yg dipenggal. Endingnya keren bgt. Disini antagonistnyakesurupan leluhurnya. Tapi ketawanya gemes bgt https://t.co/lzfFtmRFeB,Positif
FILM PEMUKIMAN SETAN SALAH SATU TEROBOSAN YANG FRESH DAN KEREN UNTUK FILM HOROR INDONESIA REVIEW FILM 'PEMUKIMAN SETAN' (2024) BY CINERIES https://t.co/G53SNdRROm,Positif
Aku mau review sedikit soal pemukiman setan. Sebagai pecinta film horor ini film yang paling seram yang pernah aku tonton. Vibenya enggak enak dari adegan pertama. Ini tipikal film yang enggak kasih kesempatan penontonnya buat tenang sebentar.,Positif
Kemarin aku nonton Menjelang Ajal juga bagus,Positif
@arcveo Menurutku 8 dapet soalnya ngasih sesuatu yang beda horor psikologikal film indo kan ga banyak tuh film modelan gitu rata2 hantu2an mulu. Jumpscarenya dapet juga lumayan bikin merinding,Positif
Sedikit melebihi ekspektasi.. Untuk film horor indo ini lumayan ngena lah krn alurnya beda dari horor horor yg lain And untuk premisnya emang lumayan banyak tapi mudah dimengerti semua maybe di endingnya kurang greget aja si Overall 8.5/10 lah ya https://t.co/nTMCLfZikN,Positif
Film horor pertama yang bikin nangis tepatnya pas adegan sita masuk ke liang kubur kali kedua sedih bjir. Om @jokoanwar filmnya keren!! #SiksaKubur @jokoanwar,Positif
rate: 9.8/10 kaget masa ada film indo yang plotnya bisa kaya gini.. alias di luar ekspektasi gue yang ngiranya cuma film horor azab biasa dapet nilai plus karena ada scene interaktif yang menurut gue ini KREATIF banget dan berhasil 'ngena' di gue,Positif
Review Non-Spoiler Film Pemukiman Setan This is Charles Gozali! Ini film horor yang bagus dan segar @CharlesGozali @pemukimansetan https://t.co/2C2X3Hm2Mw,Positif
@atasnamakaniko @moviemenfes Satu satunya film horor indo yang bikin gue teriak sih keren,Positif
gilasi film siksa kubur harus mikir keras banget eh pas udah nemu alurnya kayak takjub banget emang keren film garapan joko anwar dah gada lawan #SiksaKubur @jokoanwar,Positif
siksa kubur berhasil memanifestasikan dan memvisualisasikan siksa kubur dengan baik.9/10 #siksakubur,Positif
Hari Jumat kemarin tuh movie marathon di bioskop nontonin film horor indo wkwkwk. Kesimpulan: Film Siksa Kubur lebih bagus lebih solid lebih fresh ,Positif
Betapa kerennya kalo @jokoanwar bikin lanjutan film Siksa Kubur tapi dari sisi cerita Adil #SiksaKubur,Positif
ini film. Awalnya biasa aja menuju pertengahan ngang ngong bingung ini kok banyak adegan yang gak nyambung ya? Akhirnya menuju menit terakhir terkaget-kaget.? semuanya keren banget tapi#SiksaKubur,Positif
jika smua org percaya dgn adanya #siksakubur maka semua orng bakal berusaha menjadi yg beriman taat dgn agamanya(sesuai kepercayaan masing2) AGAR KITA LEBIH PERCAYA ADANYA SIKSA KUBUR AYO KITA PAS LEBARAN LANGSUNG NONTON SIKSA KUBUR #kalausemuaorangpercayasiksakubur @jokoanwar,Positif
siksa kubur sukses bikin horror terbaik tahun ini.bikin gua takut.saking takutnya gua gak berani liat muka malaikatnya.9/10 buat siksa kubur @jokoanwar #SiksaKubur,Positif
#PamaliDusunPocong ngeri banget satu dusun jadi pocong karena wabah misterius!! Film pocong terseram sukses bikin jantungan,Positif
sumpahnya makin kagum film horor yg dia bikin tu bener2 bagus anzaay beda sm film horor yg lain,Positif
Emang kalo udah disutradarai @non_hadrah dan dibintangi @shareefadaanish dijamin bikin merinding! üò±,Positif
@jokoanwar Baru selesai pulang dari bioskop nonton siksa kubur sampai rumah masih merinding dan kagum sama filmnya good job bang dari sini membuktikan bahwa film horor indo gak itu2 aja,Positif